{
    "type": "minecraft:tree",
    "config": {
        "decorators": [
            {
                "type": "minecraft:cocoa",
                "probability": 0.2
            },
            {
                "type": "minecraft:trunk_vine"
            },
            {
                "type": "minecraft:leave_vine",
                "probability": 0.25
            }
        ],
        "dirt_provider": {
            "type": "minecraft:simple_state_provider",
            "state": {
                "Name": "minecraft:dirt"
            }
        },
        "foliage_placer": {
            "type": "minecraft:random_spread_foliage_placer",
            "foliage_height": 2,
            "leaf_placement_attempts": 32,
            "offset": 0,
            "radius": 3
        },
        "foliage_provider": {
            "type": "minecraft:simple_state_provider",
            "state": {
                "Name": "minecraft:jungle_leaves",
                "Properties": {
                    "distance": "7",
                    "persistent": "false",
                    "waterlogged": "false"
                }
            }
        },
        "force_dirt": false,
        "ignore_vines": true,
        "minimum_size": {
            "type": "minecraft:two_layers_feature_size",
            "limit": 1,
            "lower_size": 0,
            "upper_size": 1
        },
        "trunk_placer": {
            "type": "minecraft:bending_trunk_placer",
            "base_height": 8,
            "bend_length": {
                "type": "minecraft:uniform",
                "min_inclusive": 1,
                "max_inclusive": 4
            },
            "height_rand_a": 6,
            "height_rand_b": 0,
            "min_height_for_leaves": 8
        },
        "trunk_provider": {
            "type": "minecraft:simple_state_provider",
            "state": {
                "Name": "minecraft:jungle_log",
                "Properties": {
                    "axis": "y"
                }
            }
        }
    }
}