{
  "display": {
    "icon": {
      "item": "minecraft:fire_charge"
    },
    "title": {
      "translate":"incendium.advancement.quartz_flats.feed_ghastling.title","fallback":"Feed the Beast"
    },
    "description": {
      "translate":"incendium.advancement.quartz_flats.feed_ghastling.desc","fallback":"Feed a Ghastling its odd favorite food - fire charges - to toggle it following you"
    },
    "frame": "task",
    "show_toast": true,
    "announce_to_chat": true,
    "hidden": false
  },
  "parent": "incendium:quartz_flats/rescue_mission",
  "criteria": {
    "requirement": {
      "trigger": "minecraft:impossible",
      "conditions": {}
    }
  }
}
