{
    "type": "minecraft:tree",
    "config": {
        "decorators": [],
        "dirt_provider": {
            "type": "minecraft:simple_state_provider",
            "state": {
                "Name": "minecraft:coarse_dirt"
            }
        },
        "foliage_placer": {
            "type": "minecraft:mega_pine_foliage_placer",
            "crown_height": {
                "type": "minecraft:uniform",
                "min_inclusive": 12,
                "max_inclusive": 17
            },
            "offset": {
                "type": "minecraft:uniform",
                "min_inclusive": 1,
                "max_inclusive": 3
            },
            "radius": {
                "type": "minecraft:biased_to_bottom",
                "min_inclusive": 0,
                "max_inclusive": 1
            }
        },
        "foliage_provider": {
            "type": "minecraft:simple_state_provider",
            "state": {
                "Name": "minecraft:spruce_leaves",
                "Properties": {
                    "distance": "7",
                    "persistent": "false",
                    "waterlogged": "false"
                }
            }
        },
        "force_dirt": true,
        "ignore_vines": true,
        "minimum_size": {
            "type": "minecraft:two_layers_feature_size",
            "limit": 1,
            "lower_size": 0,
            "min_clipped_height": 0,
            "upper_size": 0
        },
        "trunk_placer": {
            "type": "minecraft:straight_trunk_placer",
            "base_height": 8,
            "height_rand_a": 3,
            "height_rand_b": 10
        },
        "trunk_provider": {
            "type": "minecraft:simple_state_provider",
            "state": {
                "Name": "minecraft:spruce_log",
                "Properties": {
                    "axis": "y"
                }
            }
        }
    }
}