{
  "type": "minecraft:max",
  "argument1": {
    "type": "minecraft:add",
    "argument1": -0.2,
    "argument2": {
      "type": "minecraft:mul",
      "argument1": "tectonic:overworld_large_biomes/wackiness",
      "argument2": {
        "type": "minecraft:add",
        "argument1": 0.2,
        "argument2": "minecraft:overworld/base_3d_noise"
      }
    }
  },
  "argument2": {
    "type": "minecraft:add",
    "argument1": {
      "type": "minecraft:mul",
      "argument1": "tectonic:overworld_large_biomes/wackiness",
      "argument2": "minecraft:overworld/base_3d_noise"
    },
    "argument2": {
      "type": "minecraft:add",
      "argument1": "tectonic:overworld_large_biomes/depth",
      "argument2": {
        "type": "minecraft:mul",
        "argument1": "minecraft:overworld_large_biomes/jaggedness",
        "argument2": {
          "type": "minecraft:add",
          "argument1": {
            "type": "minecraft:quarter_negative",
            "argument": {
              "type": "minecraft:add",
              "argument1": {
                "type": "minecraft:abs",
                "argument": {
                  "type": "minecraft:noise",
                  "noise": "minecraft:jagged",
                  "xz_scale": 1500,
                  "y_scale": 0
                }
              },
              "argument2": -0.25
            }
          },
          "argument2": 0.2
        }
      }
    }
  }
}