{
  "type": "minecraft:chest",
  "pools": [
    {
      "rolls": 15,
      "entries": [
        {
          "type": "minecraft:item",
          "name": "minecraft:emerald",
          "weight": 5
          
        },
        {
          "type": "minecraft:item",
          "name": "minecraft:acacia_sapling",
          "weight": 2
        },
        {
          "type": "minecraft:item",
          "name": "minecraft:dead_bush",
          "weight": 2
        },
        {
          "type": "minecraft:item",
          "name": "minecraft:stick",
          "weight": 2
        },
        {
          "type": "minecraft:item",
          "name": "minecraft:flower_pot",
          "weight": 2
        },
        {
          "type": "minecraft:item",
          "name": "minecraft:beetroot",
          "weight": 5
        },
        {
          "type": "minecraft:item",
          "name": "minecraft:melon_slice",
          "weight": 5
        },
        {
          "type": "minecraft:item",
          "name": "minecraft:wheat",
          "weight": 10
        },
        {
          "type": "minecraft:item",
          "name": "minecraft:bread",
          "weight": 5
        },
        {
          "type": "minecraft:item",
          "name": "minecraft:book",
          "weight": 1
        },
        {
          "type": "minecraft:item",
          "name": "minecraft:paper",
          "weight": 1
        },
        {
          "type": "minecraft:item",
          "name": "minecraft:hay_block",
          "weight": 3
        },
        {
          "type": "minecraft:item",
          "name": "minecraft:brick",
          "weight": 3
        },
        {
          "type": "minecraft:item",
          "name": "minecraft:poppy",
          "weight": 3
        }
      ]
    }
  ]
}
