{
  "type": "minecraft:max",
  "argument1": {
    "type": "minecraft:min",
    "argument1": {
      "type": "minecraft:min",
      "argument1": {
        "type": "minecraft:min",
        "argument1": {
          "type": "minecraft:add",
          "argument1": {
            "type": "minecraft:mul",
            "argument1": 4.0,
            "argument2": {
              "type": "minecraft:square",
              "argument": {
                "type": "minecraft:noise",
                "noise": "minecraft:cave_layer",
                "xz_scale": 1.0,
                "y_scale": 8.0
              }
            }
          },
          "argument2": {
            "type": "minecraft:add",
            "argument1": {
              "type": "minecraft:clamp",
              "input": {
                "type": "minecraft:add",
                "argument1": 0.27,
                "argument2": {
                  "type": "minecraft:noise",
                  "noise": "minecraft:cave_cheese",
                  "xz_scale": 1.0,
                  "y_scale": 0.6666666666666666
                }
              },
              "max": 1.0,
              "min": -1.0
            },
            "argument2": 0.1
          }
        },
        "argument2": "minecraft:overworld/caves/entrances"
      },
      "argument2": {
        "type": "minecraft:add",
        "argument1": "minecraft:overworld/caves/spaghetti_2d",
        "argument2": "minecraft:overworld/caves/spaghetti_roughness_function"
      }
    },
    "argument2": {
      "type": "minecraft:add",
      "argument1": 0.1,
      "argument2": {
        "type": "minecraft:mul",
        "argument1": {
          "type": "minecraft:spline",
          "min_value": -64,
          "max_value": 64,
          "spline": {
            "coordinate": "minecraft:y",
            "points": [
              {
                "location": -58,
                "derivative": 0,
                "value": -10
              },
              {
                "location": -50,
                "derivative": 1,
                "value": -20
              },
              {
                "location": -42,
                "derivative": 0,
                "value": 0
              }
            ]
          }
        },
        "argument2": {
          "type": "minecraft:max",
          "argument1": 0,
          "argument2": {
            "type": "minecraft:add",
            "argument1": {
              "type": "minecraft:add",
              "argument1": 0.05,
              "argument2": {
                "type": "minecraft:mul",
                "argument1": 0.1,
                "argument2": {
                  "type": "minecraft:noise",
                  "noise": "minecraft:spaghetti_2d_thickness",
                  "xz_scale": 8,
                  "y_scale": 0
                }
              }
            },
            "argument2": {
              "type": "minecraft:mul",
              "argument1": -1,
              "argument2": {
                "type": "minecraft:abs",
                "argument": {
                  "type": "minecraft:noise",
                  "noise": "minecraft:spaghetti_2d",
                  "xz_scale": 0.5,
                  "y_scale": 0
                }
              }
            }
          }
        }
      }
    }
  },
  "argument2": {
    "type": "minecraft:range_choice",
    "input": "minecraft:overworld/caves/pillars",
    "max_exclusive": 0.03,
    "min_inclusive": -1000000.0,
    "when_in_range": -1000000.0,
    "when_out_of_range": "minecraft:overworld/caves/pillars"
  }
}