{
  "pools": [
    {
      "rolls": 1,
      "entries": [
        {
          "type": "minecraft:item",
          "name": "minecraft:book",
          "functions": [
            {
              "function": "minecraft:enchant_with_levels",
              "levels": {
                "min": 23,
                "max": 39
              },
              "treasure": true
            }
          ],
          "conditions": [
            {
              "condition": "minecraft:random_chance_with_looting",
              "chance": 0.675,
              "looting_multiplier": 0.1
            }
          ]
        }
      ]
    },
    {
      "rolls": 1,
      "entries": [
        {
          "type": "minecraft:loot_table",
          "value": "incendium:artifact/tool/torch_of_lunacy",
          "conditions": [
            {
              "condition": "minecraft:random_chance",
              "chance": 0.7
            }
          ]
        }
      ]
    }
  ]
}
