{
  "display": {
    "icon": {
      "id": "slime_ball",
      "components": {
        "minecraft:enchantment_glint_override": true
      }
    },
    "title": {
      "translate":"incendium.advancement.toxic_heap.root.title","fallback":"Radioactive"
    },
    "description": {
      "translate":"incendium.advancement.toxic_heap.root.desc","fallback":"Enter the nuclear wastelands of the Toxic Heap"
    },
    "frame": "task",
    "show_toast": true,
    "announce_to_chat": true,
    "hidden": false
  },
  "parent": "incendium:root",
  "criteria": {
    "requirement": {
      "trigger": "minecraft:location",
      "conditions": {
        "player": {
          "location": {
            "biomes": "incendium:toxic_heap",
            "player": {
              "location": {
                "biomes": "incendium:toxic_heap"
              }
            }
          }
        }
      }
    }
  }
}
