{
  "type": "minecraft:mul",
  "argument1": {
    "type": "minecraft:spline",
    "min_value": -64,
    "max_value": 64,
    "spline": {
      "coordinate": {
        "type": "minecraft:abs",
        "argument": {
          "type": "minecraft:noise",
          "noise": "tectonic:dune/ridge",
          "xz_scale": 0.3,
          "y_scale": 0
        }
      },
      "points": [
        {
          "location": 0,
          "value": 0,
          "derivative": 0
        },
        {
          "location": 0.25,
          "value": 0.3,
          "derivative": 1
        },
        {
          "location": 0.3,
          "value": 0.3,
          "derivative": -1
        },
        {
          "location": 0.6,
          "value": 0,
          "derivative": 0
        }
      ]
    }
  },
  "argument2": {
    "type": "minecraft:abs",
    "argument": {
      "type": "minecraft:noise",
      "noise": "tectonic:dune/elevation",
      "xz_scale": 0.5,
      "y_scale": 0
    }
  }
}