{
  "type": "minecraft:chest",
  "pools": [
    {
      "rolls": 14,
      "entries": [
        {
          "type": "minecraft:item",
          "name": "minecraft:cobweb",
          "weight": 20
        },
        {
          "type": "minecraft:item",
          "name": "minecraft:stick",
          "weight": 10
        },
        {
          "type": "minecraft:item",
          "name": "minecraft:iron_nugget",
          "weight": 10
        },
        {
          "type": "minecraft:item",
          "name": "minecraft:emerald",
          "weight": 5
        }
      ]
    }
  ]
}
