[
    {
      "function": "minecraft:set_lore",
      "lore": [
        {
          "translate":"incendium.item.infernal_wings.desc1","fallback":"A pair of armored wings",
          "color": "#ff1234",
          "italic": true
        },
        {
          "translate":"incendium.item.infernal_wings.desc2","fallback":"forged from the scraps",
          "color": "#ff1234",
          "italic": true
        },
        {
          "translate":"incendium.item.infernal_wings.desc3","fallback":"of the Hovering Inferno's shields",
          "color": "#ff1234",
          "italic": true
        },
        "",
        {
          "translate":"incendium","fallback":"Incendium",
          "color": "#FF8000",
          "italic": true
        }
      ],
      "replace": true
    },
    {
      "function": "minecraft:set_name",
      "name": {
        "translate":"incendium.item.infernal_wings.name","fallback":"Infernal Wings",
        "color": "#ff3333",
        "italic": false
      }
    },
    {
      "function": "minecraft:set_nbt",
      "tag": "{CustomModelData:1450201,incendium:{item:'infernal_wings'}}"
    }
  ]