{
  "display": {
    "icon": {
      "item": "minecraft:gilded_blackstone",
      "nbt": "{Enchantments:[{}]}"
    },
    "title": {
      "translate":"incendium.advancement.ash_barrens.enter_castle.title","fallback":"In the Hall of the Piglin King"
    },
    "description": {
      "translate":"incendium.advancement.ash_barrens.enter_castle.desc","fallback":"In the Golden Age, a great King ruled this castle. But he was betrayed, cursed, and exiled from his Kingdom. This is what remains."
    },
    "frame": "goal",
    "show_toast": true,
    "announce_to_chat": true,
    "hidden": false
  },
  "parent": "incendium:ash_barrens/root",
  "criteria": {
    "requirement": {
      "trigger": "minecraft:location",
      "conditions": {
        "player": {
          "location": {
            "structure": "incendium:forbidden_castle"
          }
        }
      }
    }
  }
}