{
    "pools": [
        {
            "rolls": 1,
            "entries": [
                {
                    "type": "minecraft:item",
                    "name": "minecraft:potion",
                    "functions": [
                        {
                            "function": "minecraft:set_name",
                            "name": {
                                "translate": "incendium.item.bad_omen_pot.name",
                                "fallback": "Potion of Bad Omen",
                                "italic": false
                            }
                        },
                        {
                            "function": "minecraft:set_nbt",
                            "tag": "{Potion:\"minecraft:water\",CustomPotionColor:424462,CustomPotionEffects:[{Id:31,Duration:1200}],custom_potion_effects:[{id:\"minecraft:bad_omen\",duration:1200}]}"
                        }
                    ]
                }
            ]
        }
    ]
}