{
    "biomes": "#kattersstructures:has_structure/grassland",
    "adapt_noise": false,
    "spawn_overrides": {
        "creature": {
            "bounding_box": "full",
            "spawns": [
            {
                "type": "minecraft:cat",
                "weight": 1,
                "minCount": 1,
                "maxCount": 1
            }
            ]
        },
        "monster": {
            "bounding_box": "full",
            "spawns": [
            {
                "type": "minecraft:witch",
                "weight": 5,
                "minCount": 2,
                "maxCount": 10
            }   
            ]
        }
    },
    "type": "minecraft:jigsaw",
    "start_pool": "kattersstructures:witch_circle/witch_circle",
    "size": 1,
    "step": "surface_structures",
    "start_height": {
        "absolute": -5
    },
    "project_start_to_heightmap": "WORLD_SURFACE_WG",
    "max_distance_from_center": 116,
    "terrain_adaptation": "none",
    "use_expansion_hack": false
}