{
  "display": {
    "icon": {
      "item": "minecraft:golden_boots"
    },
    "title": {
      "translate":"incendium.advancement.misc.root.title","fallback":"Strange Biomes"
    },
    "description": {
      "translate":"incendium.advancement.misc.root.desc","fallback":"Visit any Incendium biome"
    },
    "frame": "task",
    "show_toast": true,
    "announce_to_chat": true,
    "hidden": false
  },
  "parent": "incendium:root",
  "criteria": {
    "incendium:infernal_dunes": {
      "trigger": "minecraft:location",
      "conditions": {
        "player": {
          "location": {
            "biome": "incendium:infernal_dunes"
          }
        }
      }
    },
    "incendium:quartz_flats": {
      "trigger": "minecraft:location",
      "conditions": {
        "player": {
          "location": {
            "biome": "incendium:quartz_flats"
          }
        }
      }
    },
    "incendium:withered_forest": {
      "trigger": "minecraft:location",
      "conditions": {
        "player": {
          "location": {
            "biome": "incendium:withered_forest"
          }
        }
      }
    },
    "incendium:ash_barrens": {
      "trigger": "minecraft:location",
      "conditions": {
        "player": {
          "location": {
            "biome": "incendium:ash_barrens"
          }
        }
      }
    },
    "incendium:inverted_forest": {
      "trigger": "minecraft:location",
      "conditions": {
        "player": {
          "location": {
            "biome": "incendium:inverted_forest"
          }
        }
      }
    },
    "incendium:weeping_valley": {
      "trigger": "minecraft:location",
      "conditions": {
        "player": {
          "location": {
            "biome": "incendium:weeping_valley"
          }
        }
      }
    },
    "incendium:volcanic_deltas": {
      "trigger": "minecraft:location",
      "conditions": {
        "player": {
          "location": {
            "biome": "incendium:volcanic_deltas"
          }
        }
      }
    }
  },
  "requirements": [
    [
      "incendium:infernal_dunes",
      "incendium:quartz_flats",
      "incendium:withered_forest",
      "incendium:ash_barrens",
      "incendium:inverted_forest",
      "incendium:weeping_valley",
      "incendium:volcanic_deltas"
    ]
  ]
}
