{
  "display": {
    "icon": {
      "item": "minecraft:netherite_boots",
      "nbt": "{Enchantments:[]}"
    },
    "title": {
      "translate":"incendium.advancement.misc.soul_searcher.title","fallback":"Soul Searcher"
    },
    "description": {
      "translate":"incendium.advancement.misc.soul_searcher.desc","fallback":"Discover every single Incendium biome"
    },
    "frame": "challenge",
    "show_toast": true,
    "announce_to_chat": true,
    "hidden": false
  },
  "rewards": {
    "experience": 1000
  },
  "parent": "incendium:misc/root",
  "criteria": {
    "incendium:infernal_dunes": {
      "trigger": "minecraft:location",
      "conditions": {
        "player": {
          "location": {
            "biome": "incendium:infernal_dunes"
          }
        }
      }
    },
    "incendium:quartz_flats": {
      "trigger": "minecraft:location",
      "conditions": {
        "player": {
          "location": {
            "biome": "incendium:quartz_flats"
          }
        }
      }
    },
    "incendium:toxic_heap": {
      "trigger": "minecraft:location",
      "conditions": {
        "player": {
          "location": {
            "biome": "incendium:toxic_heap"
          }
        }
      }
    },
    "incendium:withered_forest": {
      "trigger": "minecraft:location",
      "conditions": {
        "player": {
          "location": {
            "biome": "incendium:withered_forest"
          }
        }
      }
    },
    "incendium:ash_barrens": {
      "trigger": "minecraft:location",
      "conditions": {
        "player": {
          "location": {
            "biome": "incendium:ash_barrens"
          }
        }
      }
    },
    "incendium:inverted_forest": {
      "trigger": "minecraft:location",
      "conditions": {
        "player": {
          "location": {
            "biome": "incendium:inverted_forest"
          }
        }
      }
    },
    "incendium:weeping_valley": {
      "trigger": "minecraft:location",
      "conditions": {
        "player": {
          "location": {
            "biome": "incendium:weeping_valley"
          }
        }
      }
    },
    "incendium:volcanic_deltas": {
      "trigger": "minecraft:location",
      "conditions": {
        "player": {
          "location": {
            "biome": "incendium:volcanic_deltas"
          }
        }
      }
    }
  }
}
